insert into HRPerson ([dbPeopleID],[Forename],[Surname],[DBDirID],[Status],[CountryName],[OfficerId],[Enabled]) values ((select MAX(dbPeopleID) + 1 from HRPerson) , 'Unit Test', 'revoked D with access',(select MAX(dbDirID)+1 from HRPerson), 'R','France' , 'D', 1);
insert into mp_User ([ID],[dbPeopleID],[Forename],[Surname],[EmailAddress],[VisitCount]) values ((select MAX(ID)+1 from mp_User),(select dbPeopleID from HRPerson where Forename = 'Unit Test' and Surname =  'revoked D with access') , 'Unit Test', 'revoked D with access', 'e@mai.l', 1);
insert into HRPerson ([dbPeopleID],[Forename],[Surname],[DBDirID],[Status],[CountryName],[OfficerId],[Enabled]) values ((select MAX(dbPeopleID) + 1 from HRPerson) , 'Unit Test', 'revoked D without access',(select MAX(dbDirID)+1 from HRPerson), 'R','France' , 'D', 1);
insert into mp_User ([ID],[dbPeopleID],[Forename],[Surname],[EmailAddress],[VisitCount]) values ((select MAX(ID)+1 from mp_User),(select dbPeopleID from HRPerson where Forename = 'Unit Test' and Surname =  'revoked D without access') , 'Unit Test', 'revoked D without access', 'A', 1);
insert into HRPerson ([dbPeopleID],[Forename],[Surname],[DBDirID],[Status],[CountryName],[OfficerId],[Enabled]) values ((select MAX(dbPeopleID) + 1 from HRPerson) , 'Unit Test', 'revoked MD with access',(select MAX(dbDirID)+1 from HRPerson), 'R','France' , 'MD', 1);
insert into mp_User ([ID],[dbPeopleID],[Forename],[Surname],[EmailAddress],[VisitCount]) values ((select MAX(ID)+1 from mp_User),(select dbPeopleID from HRPerson where Forename = 'Unit Test' and Surname =  'revoked MD with access') , 'Unit Test', 'revoked MD with access', 'e@mai.l', 1);
insert into HRPerson ([dbPeopleID],[Forename],[Surname],[DBDirID],[Status],[CountryName],[OfficerId],[Enabled]) values ((select MAX(dbPeopleID) + 1 from HRPerson) , 'Unit Test', 'revoked MD without access',(select MAX(dbDirID)+1 from HRPerson), 'R','France' , 'MD', 1);
insert into mp_User ([ID],[dbPeopleID],[Forename],[Surname],[EmailAddress],[VisitCount]) values ((select MAX(ID)+1 from mp_User),(select dbPeopleID from HRPerson where Forename = 'Unit Test' and Surname =  'revoked MD without access') , 'Unit Test', 'revoked MD without access', 'e@mai.l', 1);
insert into HRPerson ([dbPeopleID],[Forename],[Surname],[DBDirID],[Status],[CountryName],[OfficerId],[Enabled]) values ((select MAX(dbPeopleID) + 1 from HRPerson) , 'Unit Test', 'revoked D with access building pass office',(select MAX(dbDirID)+1 from HRPerson), 'R','France', 'D', 1);
insert into mp_User ([ID],[dbPeopleID],[Forename],[Surname],[EmailAddress],[VisitCount]) values ((select MAX(ID)+1 from mp_User),(select dbPeopleID from HRPerson where Forename = 'Unit Test' and Surname =  'revoked D with access building pass office') , 'Unit Test', 'revoked D with access building pass office', 'e@mai.l', 1);
insert into HRPerson ([dbPeopleID],[Forename],[Surname],[DBDirID],[Status],[CountryName],[OfficerId],[Enabled]) values ((select MAX(dbPeopleID) + 1 from HRPerson) , 'Unit Test', 'revoked MD with access building pass office',(select MAX(dbDirID)+1 from HRPerson), 'R','France', 'MD', 1);
insert into mp_User ([ID],[dbPeopleID],[Forename],[Surname],[EmailAddress],[VisitCount]) values ((select MAX(ID)+1 from mp_User),(select dbPeopleID from HRPerson where Forename = 'Unit Test' and Surname =  'revoked MD with access building pass office') , 'Unit Test', 'revoked MD with access building pass office', 'e@mai.l', 1);
insert into HRPerson ([dbPeopleID],[Forename],[Surname],[DBDirID],[Status],[CountryName],[OfficerId],[Enabled]) values ((select MAX(dbPeopleID) + 1 from HRPerson) , 'Unit Test', 'revoked other with access',(select MAX(dbDirID)+1 from HRPerson), 'R','France' , 'Other', 1);
insert into mp_User ([ID],[dbPeopleID],[Forename],[Surname],[EmailAddress],[VisitCount]) values ((select MAX(ID)+1 from mp_User),(select dbPeopleID from HRPerson where Forename = 'Unit Test' and Surname =  'revoked other with access') , 'Unit Test', 'revoked other with access', 'e@mai.l', 1);
insert into HRPerson ([dbPeopleID],[Forename],[Surname],[DBDirID],[Status],[CountryName],[OfficerId],[Enabled]) values ((select MAX(dbPeopleID) + 1 from HRPerson) , 'Unit Test', 'revoked other without access',(select MAX(dbDirID)+1 from HRPerson), 'R','France' , 'Other', 1);
insert into mp_User ([ID],[dbPeopleID],[Forename],[Surname],[EmailAddress],[VisitCount]) values ((select MAX(ID)+1 from mp_User),(select dbPeopleID from HRPerson where Forename = 'Unit Test' and Surname =  'revoked other without access') , 'Unit Test', 'revoked onther without access', 'e@mai.l', 1);
insert into HRPerson ([dbPeopleID],[Forename],[Surname],[DBDirID],[Status],[CountryName],[OfficerId],[Enabled]) values ((select MAX(dbPeopleID) + 1 from HRPerson) , 'Unit Test', 'revoked other with access building pass office',(select MAX(dbDirID)+1 from HRPerson), 'R','France', 'Other', 1);
insert into mp_User ([ID],[dbPeopleID],[Forename],[Surname],[EmailAddress],[VisitCount]) values ((select MAX(ID)+1 from mp_User),(select dbPeopleID from HRPerson where Forename = 'Unit Test' and Surname =  'revoked other with access building pass office') , 'Unit Test', 'revoked other with access building pass office', 'e@mai.l', 1);
insert into HRPerson ([dbPeopleID],[Forename],[Surname],[DBDirID],[Status],[CountryName],[OfficerId],[Enabled]) values ((select MAX(dbPeopleID) + 1 from HRPerson) , 'Unit Test', 'revoked NULL with access',(select MAX(dbDirID)+1 from HRPerson), 'R','France' , NULL, 1);
insert into mp_User ([ID],[dbPeopleID],[Forename],[Surname],[EmailAddress],[VisitCount]) values ((select MAX(ID)+1 from mp_User),(select dbPeopleID from HRPerson where Forename = 'Unit Test' and Surname =  'revoked NULL with access') , 'Unit Test', 'revoked NULL with access', 'e@mai.l', 1);
insert into HRPerson ([dbPeopleID],[Forename],[Surname],[DBDirID],[Status],[CountryName],[OfficerId],[Enabled]) values ((select MAX(dbPeopleID) + 1 from HRPerson) , 'Unit Test', 'revoked NULL without access',(select MAX(dbDirID)+1 from HRPerson), 'R','France', NULL, 1);
insert into mp_User ([ID],[dbPeopleID],[Forename],[Surname],[EmailAddress],[VisitCount]) values ((select MAX(ID)+1 from mp_User),(select dbPeopleID from HRPerson where Forename = 'Unit Test' and Surname =  'revoked NULL without access') , 'Unit Test', 'revoked NULL without access', 'e@mai.l', 1);

insert into HRPersonAccessArea ([dbPeopleID],[AccessAreaID],[EndDate]) select dbPeopleID, AccessAreaID, DATEADD(d,7,GETDATE()) as EndDate from HRPerson, AccessArea where Forename = 'Unit Test' and Surname like 'revoked % with access' and AccessArea.Name = 'Unit Test Madrid AccessArea';
insert into HRPersonAccessArea ([dbPeopleID],[AccessAreaID],[EndDate]) select dbPeopleID, AccessAreaID, DATEADD(d,7,GETDATE()) as EndDate from HRPerson, AccessArea where Forename = 'Unit Test' and Surname like 'revoked % with access building pass office' and AccessArea.Name = 'Unit Test Madrid AccessArea with Paris Pass Office';

insert into AccessRequestMaster ([Created],[RequestTypeID],[Comment],[CreatedByID]) values (DATEADD(d,-7,GETDATE()), 16, 'Unit Test revoked D with access', (select dbPeopleID from HRPerson where Forename = 'Unit Test' and Surname =  'active D with access') );
insert into AccessRequestMaster ([Created],[RequestTypeID],[Comment],[CreatedByID]) values (DATEADD(d,-6,GETDATE()), 16, 'Unit Test revoked D without access', (select dbPeopleID from HRPerson where Forename = 'Unit Test' and Surname =  'active D with access') );
insert into AccessRequestMaster ([Created],[RequestTypeID],[Comment],[CreatedByID]) values (DATEADD(d,-5,GETDATE()), 16, 'Unit Test revoked D with access building pass office', (select dbPeopleID from HRPerson where Forename = 'Unit Test' and Surname =  'active D with access') );
insert into AccessRequestMaster ([Created],[RequestTypeID],[Comment],[CreatedByID]) values (DATEADD(d,-4,GETDATE()), 16, 'Unit Test revoked MD with access', (select dbPeopleID from HRPerson where Forename = 'Unit Test' and Surname =  'active D with access') );
insert into AccessRequestMaster ([Created],[RequestTypeID],[Comment],[CreatedByID]) values (DATEADD(d,-3,GETDATE()), 16, 'Unit Test revoked MD without access', (select dbPeopleID from HRPerson where Forename = 'Unit Test' and Surname =  'active D with access') );
insert into AccessRequestMaster ([Created],[RequestTypeID],[Comment],[CreatedByID]) values (DATEADD(d,-2,GETDATE()), 16, 'Unit Test revoked MD with access building pass office', (select dbPeopleID from HRPerson where Forename = 'Unit Test' and Surname =  'active D with access') );
insert into AccessRequestMaster ([Created],[RequestTypeID],[Comment],[CreatedByID]) values (DATEADD(d,-1,GETDATE()), 16, 'Unit Test revoked other with access', (select dbPeopleID from HRPerson where Forename = 'Unit Test' and Surname =  'active D with access') );
insert into AccessRequestMaster ([Created],[RequestTypeID],[Comment],[CreatedByID]) values (DATEADD(d,0,GETDATE()), 16, 'Unit Test revoked other without access', (select dbPeopleID from HRPerson where Forename = 'Unit Test' and Surname =  'active D with access') );
insert into AccessRequestMaster ([Created],[RequestTypeID],[Comment],[CreatedByID]) values (DATEADD(d,-6,GETDATE()), 16, 'Unit Test revoked other with access building pass office', (select dbPeopleID from HRPerson where Forename = 'Unit Test' and Surname =  'active D with access') );
insert into AccessRequestMaster ([Created],[RequestTypeID],[Comment],[CreatedByID]) values (DATEADD(d,-6,GETDATE()), 16, 'Unit Test revoked NULL with access', (select dbPeopleID from HRPerson where Forename = 'Unit Test' and Surname =  'active D with access') );
insert into AccessRequestMaster ([Created],[RequestTypeID],[Comment],[CreatedByID]) values (DATEADD(d,-6,GETDATE()), 16, 'Unit Test revoked NULL without access', (select dbPeopleID from HRPerson where Forename = 'Unit Test' and Surname =  'active D with access') );

insert into AccessRequestPerson ([dbPeopleID],[Forename] ,[Surname],[EmailAddress],[IsExternal],[Created],[RequestMasterID]) values ((select dbPeopleID from HRPerson where Forename = 'Unit Test' and Surname =  'revoked D with access'),'Unit Test', 'revoked D with access', 'e@mai.l', 0, DATEADD(d,-7,GETDATE()),(select RequestMasterID from AccessRequestMaster where Comment = 'Unit Test revoked D with access')  );
insert into AccessRequestPerson ([dbPeopleID],[Forename] ,[Surname],[EmailAddress],[IsExternal],[Created],[RequestMasterID]) values ((select dbPeopleID from HRPerson where Forename = 'Unit Test' and Surname =  'revoked D without access'),'Unit Test', 'revoked D without access', 'e@mai.l', 0, DATEADD(d,-6,GETDATE()),(select RequestMasterID from AccessRequestMaster where Comment = 'Unit Test revoked D without access')  );
insert into AccessRequestPerson ([dbPeopleID],[Forename] ,[Surname],[EmailAddress],[IsExternal],[Created],[RequestMasterID]) values  ((select dbPeopleID from HRPerson where Forename = 'Unit Test' and Surname =  'revoked MD with access'),'Unit Test', 'revoked MD with access', 'e@mai.l', 0, DATEADD(d,-5,GETDATE()),(select RequestMasterID from AccessRequestMaster where Comment = 'Unit Test revoked MD with access')  );
insert into AccessRequestPerson ([dbPeopleID],[Forename] ,[Surname],[EmailAddress],[IsExternal],[Created],[RequestMasterID]) values ((select dbPeopleID from HRPerson where Forename = 'Unit Test' and Surname =  'revoked MD without access'),'Unit Test', 'revoked MD without access', 'e@mai.l', 0, DATEADD(d,-4,GETDATE()),(select RequestMasterID from AccessRequestMaster where Comment = 'Unit Test revoked MD without access')  );
insert into AccessRequestPerson ([dbPeopleID],[Forename] ,[Surname],[EmailAddress],[IsExternal],[Created],[RequestMasterID]) values ((select dbPeopleID from HRPerson where Forename = 'Unit Test' and Surname =  'revoked D with access building pass office'),'Unit Test', 'revoked D with access building pass office', 'e@mai.l', 0, DATEADD(d,-3,GETDATE()),(select RequestMasterID from AccessRequestMaster where Comment = 'Unit Test revoked D with access building pass office')  );
insert into AccessRequestPerson ([dbPeopleID],[Forename] ,[Surname],[EmailAddress],[IsExternal],[Created],[RequestMasterID]) values ((select dbPeopleID from HRPerson where Forename = 'Unit Test' and Surname =  'revoked MD with access building pass office'),'Unit Test', 'revoked MD with access building pass office', 'e@mai.l', 0, DATEADD(d,-2,GETDATE()),(select RequestMasterID from AccessRequestMaster where Comment = 'Unit Test revoked MD with access building pass office')  );
insert into AccessRequestPerson ([dbPeopleID],[Forename] ,[Surname],[EmailAddress],[IsExternal],[Created],[RequestMasterID]) values ((select dbPeopleID from HRPerson where Forename = 'Unit Test' and Surname =  'revoked other with access'),'Unit Test', 'revoked other with access', 'e@mai.l', 0, DATEADD(d,-1,GETDATE()),(select RequestMasterID from AccessRequestMaster where Comment = 'Unit Test revoked other with access')  );
insert into AccessRequestPerson ([dbPeopleID],[Forename] ,[Surname],[EmailAddress],[IsExternal],[Created],[RequestMasterID]) values ((select dbPeopleID from HRPerson where Forename = 'Unit Test' and Surname =  'revoked other without access'),'Unit Test', 'revoked other without access', 'e@mai.l', 0, DATEADD(d,0,GETDATE()),(select RequestMasterID from AccessRequestMaster where Comment = 'Unit Test revoked other without access')  );
insert into AccessRequestPerson ([dbPeopleID],[Forename] ,[Surname],[EmailAddress],[IsExternal],[Created],[RequestMasterID]) values ((select dbPeopleID from HRPerson where Forename = 'Unit Test' and Surname =  'revoked other with access building pass office'),'Unit Test', 'revoked other with access building pass office', 'e@mai.l', 0, DATEADD(d,-6,GETDATE()),(select RequestMasterID from AccessRequestMaster where Comment = 'Unit Test revoked other with access building pass office')  );
insert into AccessRequestPerson ([dbPeopleID],[Forename] ,[Surname],[EmailAddress],[IsExternal],[Created],[RequestMasterID]) values ((select dbPeopleID from HRPerson where Forename = 'Unit Test' and Surname =  'revoked NULL with access'),'Unit Test', 'revoked NULL with access', 'e@mai.l', 0, DATEADD(d,-6,GETDATE()),(select RequestMasterID from AccessRequestMaster where Comment = 'Unit Test revoked NULL with access')  );
insert into AccessRequestPerson ([dbPeopleID],[Forename] ,[Surname],[EmailAddress],[IsExternal],[Created],[RequestMasterID]) values  ((select dbPeopleID from HRPerson where Forename = 'Unit Test' and Surname =  'revoked NULL without access'),'Unit Test', 'revoked NULL without access', 'e@mai.l', 0, DATEADD(d,-6,GETDATE()),(select RequestMasterID from AccessRequestMaster where Comment = 'Unit Test revoked NULL without access')  );

insert into AccessRequest([RequestTypeID],[RequestPersonID],[RequestStatusID],[Created] ,[PassOfficeID]) values (16, (select RequestPersonID from AccessRequestPerson where Forename = 'Unit Test' and Surname =  'revoked D with access'), 2, DATEADD(d,-7,GETDATE()), (select [PassOfficeID] from [dbo].[LocationPassOffice] where [Code] = 'Unit Test Paris PassOffice'));
insert into AccessRequest([RequestTypeID],[RequestPersonID],[RequestStatusID],[Created] ,[PassOfficeID]) values (16, (select RequestPersonID from AccessRequestPerson where Forename = 'Unit Test' and Surname =  'revoked D without access'), 2, DATEADD(d,-6,GETDATE()), (select [PassOfficeID] from [dbo].[LocationPassOffice] where [Code] = 'Unit Test Paris PassOffice'));
insert into AccessRequest([RequestTypeID],[RequestPersonID],[RequestStatusID],[Created] ,[PassOfficeID]) values (16, (select RequestPersonID from AccessRequestPerson where Forename = 'Unit Test' and Surname =  'revoked MD with access'), 2, DATEADD(d,-5,GETDATE()), (select [PassOfficeID] from [dbo].[LocationPassOffice] where [Code] = 'Unit Test Paris PassOffice'));
insert into AccessRequest([RequestTypeID],[RequestPersonID],[RequestStatusID],[Created] ,[PassOfficeID]) values (16, (select RequestPersonID from AccessRequestPerson where Forename = 'Unit Test' and Surname =  'revoked MD without access'), 2, DATEADD(d,-4,GETDATE()), (select [PassOfficeID] from [dbo].[LocationPassOffice] where [Code] = 'Unit Test Paris PassOffice'));
insert into AccessRequest([RequestTypeID],[RequestPersonID],[RequestStatusID],[Created] ,[PassOfficeID]) values (16, (select RequestPersonID from AccessRequestPerson where Forename = 'Unit Test' and Surname =  'revoked D with access building pass office'), 2, DATEADD(d,-3,GETDATE()), (select [PassOfficeID] from [dbo].[LocationPassOffice] where [Code] = 'Unit Test Paris PassOffice'));
insert into AccessRequest([RequestTypeID],[RequestPersonID],[RequestStatusID],[Created] ,[PassOfficeID]) values (16, (select RequestPersonID from AccessRequestPerson where Forename = 'Unit Test' and Surname =  'revoked MD with access building pass office'), 2, DATEADD(d,-2,GETDATE()), (select [PassOfficeID] from [dbo].[LocationPassOffice] where [Code] = 'Unit Test Paris PassOffice'));
insert into AccessRequest([RequestTypeID],[RequestPersonID],[RequestStatusID],[Created] ,[PassOfficeID]) values (16, (select RequestPersonID from AccessRequestPerson where Forename = 'Unit Test' and Surname =  'revoked other with access'), 2, DATEADD(d,-1,GETDATE()), (select [PassOfficeID] from [dbo].[LocationPassOffice] where [Code] = 'Unit Test Paris PassOffice'));
insert into AccessRequest([RequestTypeID],[RequestPersonID],[RequestStatusID],[Created] ,[PassOfficeID]) values (16, (select RequestPersonID from AccessRequestPerson where Forename = 'Unit Test' and Surname =  'revoked other without access'), 2, DATEADD(d,0,GETDATE()), (select [PassOfficeID] from [dbo].[LocationPassOffice] where [Code] = 'Unit Test Paris PassOffice'));
insert into AccessRequest([RequestTypeID],[RequestPersonID],[RequestStatusID],[Created] ,[PassOfficeID]) values (16, (select RequestPersonID from AccessRequestPerson where Forename = 'Unit Test' and Surname =  'revoked other with access building pass office'), 2, DATEADD(d,-6,GETDATE()), (select [PassOfficeID] from [dbo].[LocationPassOffice] where [Code] = 'Unit Test Paris PassOffice'));
insert into AccessRequest([RequestTypeID],[RequestPersonID],[RequestStatusID],[Created] ,[PassOfficeID]) values (16, (select RequestPersonID from AccessRequestPerson where Forename = 'Unit Test' and Surname =  'revoked NULL with access'), 2, DATEADD(d,-6,GETDATE()), (select [PassOfficeID] from [dbo].[LocationPassOffice] where [Code] = 'Unit Test Paris PassOffice'));
insert into AccessRequest([RequestTypeID],[RequestPersonID],[RequestStatusID],[Created] ,[PassOfficeID]) values (16, (select RequestPersonID from AccessRequestPerson where Forename = 'Unit Test' and Surname =  'revoked NULL without access'), 2, DATEADD(d,-6,GETDATE()), (select [PassOfficeID] from [dbo].[LocationPassOffice] where [Code] = 'Unit Test Paris PassOffice'));

UPDATE HRPerson SET Revoked = 1 WHERE Forename = 'Unit Test' and Surname like 'revoked %';
UPDATE mp_User SET Revoked = 1 WHERE Forename = 'Unit Test' and Surname like 'revoked %';


insert into HRPerson ([dbPeopleID],[Forename],[Surname],[DBDirID],[Status],[CountryName],[OfficerId],[Enabled]) values ((select MAX(dbPeopleID) + 1 from HRPerson) , 'Unit Test', 'revoked D with access 8 - 30 ago',(select MAX(dbDirID)+1 from HRPerson), 'R','France' , 'D', 1);
insert into mp_User ([ID],[dbPeopleID],[Forename],[Surname],[EmailAddress],[VisitCount]) values ((select MAX(ID)+1 from mp_User),(select dbPeopleID from HRPerson where Forename = 'Unit Test' and Surname =  'revoked D with access 8 - 30 ago') , 'Unit Test', 'revoked D with access 8 - 30 ago', 'e@mai.l', 1);
insert into HRPerson ([dbPeopleID],[Forename],[Surname],[DBDirID],[Status],[CountryName],[OfficerId],[Enabled]) values ((select MAX(dbPeopleID) + 1 from HRPerson) , 'Unit Test', 'revoked D without access 8 - 30 ago',(select MAX(dbDirID)+1 from HRPerson), 'R','France' , 'D', 1);
insert into mp_User ([ID],[dbPeopleID],[Forename],[Surname],[EmailAddress],[VisitCount]) values ((select MAX(ID)+1 from mp_User),(select dbPeopleID from HRPerson where Forename = 'Unit Test' and Surname =  'revoked D without access 8 - 30 ago') , 'Unit Test', 'revoked D without access 8 - 30 ago', 'A', 1);
insert into HRPerson ([dbPeopleID],[Forename],[Surname],[DBDirID],[Status],[CountryName],[OfficerId],[Enabled]) values ((select MAX(dbPeopleID) + 1 from HRPerson) , 'Unit Test', 'revoked MD with access 8 - 30 ago',(select MAX(dbDirID)+1 from HRPerson), 'R','France' , 'MD', 1);
insert into mp_User ([ID],[dbPeopleID],[Forename],[Surname],[EmailAddress],[VisitCount]) values ((select MAX(ID)+1 from mp_User),(select dbPeopleID from HRPerson where Forename = 'Unit Test' and Surname =  'revoked MD with access 8 - 30 ago') , 'Unit Test', 'revoked MD with access 8 - 30 ago', 'e@mai.l', 1);
insert into HRPerson ([dbPeopleID],[Forename],[Surname],[DBDirID],[Status],[CountryName],[OfficerId],[Enabled]) values ((select MAX(dbPeopleID) + 1 from HRPerson) , 'Unit Test', 'revoked MD without access 8 - 30 ago',(select MAX(dbDirID)+1 from HRPerson), 'R','France' , 'MD', 1);
insert into mp_User ([ID],[dbPeopleID],[Forename],[Surname],[EmailAddress],[VisitCount]) values ((select MAX(ID)+1 from mp_User),(select dbPeopleID from HRPerson where Forename = 'Unit Test' and Surname =  'revoked MD without access 8 - 30 ago') , 'Unit Test', 'revoked MD without access 8 - 30 ago', 'e@mai.l', 1);
insert into HRPerson ([dbPeopleID],[Forename],[Surname],[DBDirID],[Status],[CountryName],[OfficerId],[Enabled]) values ((select MAX(dbPeopleID) + 1 from HRPerson) , 'Unit Test', 'revoked D with access building pass office 8 - 30 ago',(select MAX(dbDirID)+1 from HRPerson), 'R','France', 'D', 1);
insert into mp_User ([ID],[dbPeopleID],[Forename],[Surname],[EmailAddress],[VisitCount]) values ((select MAX(ID)+1 from mp_User),(select dbPeopleID from HRPerson where Forename = 'Unit Test' and Surname =  'revoked D with access building pass office 8 - 30 ago') , 'Unit Test', 'revoked D with access building pass office 8 - 30 ago', 'e@mai.l', 1);
insert into HRPerson ([dbPeopleID],[Forename],[Surname],[DBDirID],[Status],[CountryName],[OfficerId],[Enabled]) values ((select MAX(dbPeopleID) + 1 from HRPerson) , 'Unit Test', 'revoked MD with access building pass office 8 - 30 ago',(select MAX(dbDirID)+1 from HRPerson), 'R','France', 'MD', 1);
insert into mp_User ([ID],[dbPeopleID],[Forename],[Surname],[EmailAddress],[VisitCount]) values ((select MAX(ID)+1 from mp_User),(select dbPeopleID from HRPerson where Forename = 'Unit Test' and Surname =  'revoked MD with access building pass office 8 - 30 ago') , 'Unit Test', 'revoked MD with access building pass office 8 - 30 ago', 'e@mai.l', 1);
insert into HRPerson ([dbPeopleID],[Forename],[Surname],[DBDirID],[Status],[CountryName],[OfficerId],[Enabled]) values ((select MAX(dbPeopleID) + 1 from HRPerson) , 'Unit Test', 'revoked other with access 8 - 30 ago',(select MAX(dbDirID)+1 from HRPerson), 'R','France' , 'Other', 1);
insert into mp_User ([ID],[dbPeopleID],[Forename],[Surname],[EmailAddress],[VisitCount]) values ((select MAX(ID)+1 from mp_User),(select dbPeopleID from HRPerson where Forename = 'Unit Test' and Surname =  'revoked other with access 8 - 30 ago') , 'Unit Test', 'revoked other with access 8 - 30 ago', 'e@mai.l', 1);
insert into HRPerson ([dbPeopleID],[Forename],[Surname],[DBDirID],[Status],[CountryName],[OfficerId],[Enabled]) values ((select MAX(dbPeopleID) + 1 from HRPerson) , 'Unit Test', 'revoked other without access 8 - 30 ago',(select MAX(dbDirID)+1 from HRPerson), 'R','France' , 'Other', 1);
insert into mp_User ([ID],[dbPeopleID],[Forename],[Surname],[EmailAddress],[VisitCount]) values ((select MAX(ID)+1 from mp_User),(select dbPeopleID from HRPerson where Forename = 'Unit Test' and Surname =  'revoked other without access 8 - 30 ago') , 'Unit Test', 'revoked onther without access 8 - 30 ago', 'e@mai.l', 1);
insert into HRPerson ([dbPeopleID],[Forename],[Surname],[DBDirID],[Status],[CountryName],[OfficerId],[Enabled]) values ((select MAX(dbPeopleID) + 1 from HRPerson) , 'Unit Test', 'revoked other with access building pass office 8 - 30 ago',(select MAX(dbDirID)+1 from HRPerson), 'R','France', 'Other', 1);
insert into mp_User ([ID],[dbPeopleID],[Forename],[Surname],[EmailAddress],[VisitCount]) values ((select MAX(ID)+1 from mp_User),(select dbPeopleID from HRPerson where Forename = 'Unit Test' and Surname =  'revoked other with access building po 8 - 30 ago') , 'Unit Test', 'revoked other with access building pass office 8 - 30 ago', 'e@mai.l', 1);
insert into HRPerson ([dbPeopleID],[Forename],[Surname],[DBDirID],[Status],[CountryName],[OfficerId],[Enabled]) values ((select MAX(dbPeopleID) + 1 from HRPerson) , 'Unit Test', 'revoked NULL with access 8 - 30 ago',(select MAX(dbDirID)+1 from HRPerson), 'R','France' , NULL, 1);
insert into mp_User ([ID],[dbPeopleID],[Forename],[Surname],[EmailAddress],[VisitCount]) values ((select MAX(ID)+1 from mp_User),(select dbPeopleID from HRPerson where Forename = 'Unit Test' and Surname =  'revoked NULL with access 8 - 30 ago') , 'Unit Test', 'revoked NULL with access 8 - 30 ago', 'e@mai.l', 1);
insert into HRPerson ([dbPeopleID],[Forename],[Surname],[DBDirID],[Status],[CountryName],[OfficerId],[Enabled]) values ((select MAX(dbPeopleID) + 1 from HRPerson) , 'Unit Test', 'revoked NULL without access 8 - 30 ago',(select MAX(dbDirID)+1 from HRPerson), 'R','France', NULL, 1);
insert into mp_User ([ID],[dbPeopleID],[Forename],[Surname],[EmailAddress],[VisitCount]) values ((select MAX(ID)+1 from mp_User),(select dbPeopleID from HRPerson where Forename = 'Unit Test' and Surname =  'revoked NULL without access 8 - 30 ago') , 'Unit Test', 'revoked NULL without access 8 - 30 ago', 'e@mai.l', 1);

insert into HRPersonAccessArea ([dbPeopleID],[AccessAreaID],[EndDate]) select dbPeopleID, AccessAreaID, DATEADD(d,7,GETDATE()) as EndDate from HRPerson, AccessArea where Forename = 'Unit Test' and Surname like 'revoked % with access 8 - 30 ago' and AccessArea.Name = 'Unit Test Madrid AccessArea';
insert into HRPersonAccessArea ([dbPeopleID],[AccessAreaID],[EndDate]) select dbPeopleID, AccessAreaID, DATEADD(d,7,GETDATE()) as EndDate from HRPerson, AccessArea where Forename = 'Unit Test' and Surname like 'revoked % with access building pass office 8 - 30 ago' and AccessArea.Name = 'Unit Test Madrid AccessArea with Paris Pass Office';

insert into AccessRequestMaster ([Created],[RequestTypeID],[Comment],[CreatedByID]) values (DATEADD(d,-8,GETDATE()), 16, 'Unit Test revoked D with access 8 - 30 ago', (select dbPeopleID from HRPerson where Forename = 'Unit Test' and Surname =  'active D with access') );
insert into AccessRequestMaster ([Created],[RequestTypeID],[Comment],[CreatedByID]) values (DATEADD(d,-10,GETDATE()), 16, 'Unit Test revoked D without access 8 - 30 ago', (select dbPeopleID from HRPerson where Forename = 'Unit Test' and Surname =  'active D with access') );
insert into AccessRequestMaster ([Created],[RequestTypeID],[Comment],[CreatedByID]) values (DATEADD(d,-12,GETDATE()), 16, 'Unit Test revoked D with access building pass office 8 - 30 ago', (select dbPeopleID from HRPerson where Forename = 'Unit Test' and Surname =  'active D with access') );
insert into AccessRequestMaster ([Created],[RequestTypeID],[Comment],[CreatedByID]) values (DATEADD(d,-14,GETDATE()), 16, 'Unit Test revoked MD with access 8 - 30 ago', (select dbPeopleID from HRPerson where Forename = 'Unit Test' and Surname =  'active D with access') );
insert into AccessRequestMaster ([Created],[RequestTypeID],[Comment],[CreatedByID]) values (DATEADD(d,-16,GETDATE()), 16, 'Unit Test revoked MD without access 8 - 30 ago', (select dbPeopleID from HRPerson where Forename = 'Unit Test' and Surname =  'active D with access') );
insert into AccessRequestMaster ([Created],[RequestTypeID],[Comment],[CreatedByID]) values (DATEADD(d,-18,GETDATE()), 16, 'Unit Test revoked MD with access building pass office 8 - 30 ago', (select dbPeopleID from HRPerson where Forename = 'Unit Test' and Surname =  'active D with access') );
insert into AccessRequestMaster ([Created],[RequestTypeID],[Comment],[CreatedByID]) values (DATEADD(d,-20,GETDATE()), 16, 'Unit Test revoked other with access 8 - 30 ago', (select dbPeopleID from HRPerson where Forename = 'Unit Test' and Surname =  'active D with access') );
insert into AccessRequestMaster ([Created],[RequestTypeID],[Comment],[CreatedByID]) values (DATEADD(d,-22,GETDATE()), 16, 'Unit Test revoked other without access 8 - 30 ago', (select dbPeopleID from HRPerson where Forename = 'Unit Test' and Surname =  'active D with access') );
insert into AccessRequestMaster ([Created],[RequestTypeID],[Comment],[CreatedByID]) values (DATEADD(d,-24,GETDATE()), 16, 'Unit Test revoked other with access building pass office 8 - 30 ago', (select dbPeopleID from HRPerson where Forename = 'Unit Test' and Surname =  'active D with access') );
insert into AccessRequestMaster ([Created],[RequestTypeID],[Comment],[CreatedByID]) values (DATEADD(d,-28,GETDATE()), 16, 'Unit Test revoked NULL with access 8 - 30 ago', (select dbPeopleID from HRPerson where Forename = 'Unit Test' and Surname =  'active D with access') );
insert into AccessRequestMaster ([Created],[RequestTypeID],[Comment],[CreatedByID]) values (DATEADD(d,-30,GETDATE()), 16, 'Unit Test revoked NULL without access 8 - 30 ago', (select dbPeopleID from HRPerson where Forename = 'Unit Test' and Surname =  'active D with access') );

insert into AccessRequestPerson ([dbPeopleID],[Forename] ,[Surname],[EmailAddress],[IsExternal],[Created],[RequestMasterID]) values ((select dbPeopleID from HRPerson where Forename = 'Unit Test' and Surname =  'revoked D with access 8 - 30 ago'),'Unit Test', 'revoked D with access 8 - 30 ago', 'e@mai.l', 0, DATEADD(d,-8,GETDATE()),(select RequestMasterID from AccessRequestMaster where Comment = 'Unit Test revoked D with access 8 - 30 ago')  );
insert into AccessRequestPerson ([dbPeopleID],[Forename] ,[Surname],[EmailAddress],[IsExternal],[Created],[RequestMasterID]) values ((select dbPeopleID from HRPerson where Forename = 'Unit Test' and Surname =  'revoked D without access 8 - 30 ago'),'Unit Test', 'revoked D without access 8 - 30 ago', 'e@mai.l', 0, DATEADD(d,-10,GETDATE()),(select RequestMasterID from AccessRequestMaster where Comment = 'Unit Test revoked D without access 8 - 30 ago')  );
insert into AccessRequestPerson ([dbPeopleID],[Forename] ,[Surname],[EmailAddress],[IsExternal],[Created],[RequestMasterID]) values ((select dbPeopleID from HRPerson where Forename = 'Unit Test' and Surname =  'revoked D with access building pass office 8 - 30 ago'),'Unit Test', 'revoked D with access building po 8 - 30 ago', 'e@mai.l', 0, DATEADD(d,-12,GETDATE()),(select RequestMasterID from AccessRequestMaster where Comment = 'Unit Test revoked D with access building pass office 8 - 30 ago')  );
insert into AccessRequestPerson ([dbPeopleID],[Forename] ,[Surname],[EmailAddress],[IsExternal],[Created],[RequestMasterID]) values  ((select dbPeopleID from HRPerson where Forename = 'Unit Test' and Surname =  'revoked MD with access 8 - 30 ago'),'Unit Test', 'revoked MD with access 8 - 30 ago', 'e@mai.l', 0, DATEADD(d,-14,GETDATE()),(select RequestMasterID from AccessRequestMaster where Comment = 'Unit Test revoked MD with access 8 - 30 ago')  );
insert into AccessRequestPerson ([dbPeopleID],[Forename] ,[Surname],[EmailAddress],[IsExternal],[Created],[RequestMasterID]) values ((select dbPeopleID from HRPerson where Forename = 'Unit Test' and Surname =  'revoked MD without access 8 - 30 ago'),'Unit Test', 'revoked MD without access 8 - 30 ago', 'e@mai.l', 0, DATEADD(d,-16,GETDATE()),(select RequestMasterID from AccessRequestMaster where Comment = 'Unit Test revoked MD without access 8 - 30 ago')  );
insert into AccessRequestPerson ([dbPeopleID],[Forename] ,[Surname],[EmailAddress],[IsExternal],[Created],[RequestMasterID]) values ((select dbPeopleID from HRPerson where Forename = 'Unit Test' and Surname =  'revoked MD with access building pass office 8 - 30 ago'),'Unit Test', 'revoked MD with access building po 8 - 30 ago', 'e@mai.l', 0, DATEADD(d,-18,GETDATE()),(select RequestMasterID from AccessRequestMaster where Comment = 'Unit Test revoked MD with access building pass office 8 - 30 ago')  );
insert into AccessRequestPerson ([dbPeopleID],[Forename] ,[Surname],[EmailAddress],[IsExternal],[Created],[RequestMasterID]) values ((select dbPeopleID from HRPerson where Forename = 'Unit Test' and Surname =  'revoked other with access 8 - 30 ago'),'Unit Test', 'revoked other with access 8 - 30 ago', 'e@mai.l', 0, DATEADD(d,-20,GETDATE()),(select RequestMasterID from AccessRequestMaster where Comment = 'Unit Test revoked other with access 8 - 30 ago')  );
insert into AccessRequestPerson ([dbPeopleID],[Forename] ,[Surname],[EmailAddress],[IsExternal],[Created],[RequestMasterID]) values ((select dbPeopleID from HRPerson where Forename = 'Unit Test' and Surname =  'revoked other without access 8 - 30 ago'),'Unit Test', 'revoked other without access 8 - 30 ago', 'e@mai.l', 0, DATEADD(d,-22,GETDATE()),(select RequestMasterID from AccessRequestMaster where Comment = 'Unit Test revoked other without access 8 - 30 ago')  );
insert into AccessRequestPerson ([dbPeopleID],[Forename] ,[Surname],[EmailAddress],[IsExternal],[Created],[RequestMasterID]) values ((select dbPeopleID from HRPerson where Forename = 'Unit Test' and Surname =  'revoked other with access building po 8 - 30 ago'),'Unit Test', 'revoked other with access building po 8 - 30 ago', 'e@mai.l', -24, DATEADD(d,8,GETDATE()),(select RequestMasterID from AccessRequestMaster where Comment = 'Unit Test revoked other with access building pass office 8 - 30 ago')  );
insert into AccessRequestPerson ([dbPeopleID],[Forename] ,[Surname],[EmailAddress],[IsExternal],[Created],[RequestMasterID]) values ((select dbPeopleID from HRPerson where Forename = 'Unit Test' and Surname =  'revoked NULL with access 8 - 30 ago'),'Unit Test', 'revoked NULL with access 8 - 30 ago', 'e@mai.l', 0, DATEADD(d,-28,GETDATE()),(select RequestMasterID from AccessRequestMaster where Comment = 'Unit Test revoked NULL with access 8 - 30 ago')  );
insert into AccessRequestPerson ([dbPeopleID],[Forename] ,[Surname],[EmailAddress],[IsExternal],[Created],[RequestMasterID]) values  ((select dbPeopleID from HRPerson where Forename = 'Unit Test' and Surname =  'revoked NULL without access 8 - 30 ago'),'Unit Test', 'revoked NULL without access 8 - 30 ago', 'e@mai.l', 0, DATEADD(d,-30,GETDATE()),(select RequestMasterID from AccessRequestMaster where Comment = 'Unit Test revoked NULL without access 8 - 30 ago')  );

insert into AccessRequest([RequestTypeID],[RequestPersonID],[RequestStatusID],[Created] ,[PassOfficeID]) values (16, (select RequestPersonID from AccessRequestPerson where Forename = 'Unit Test' and Surname =  'revoked D with access 8 - 30 ago'), 2, DATEADD(d,-8,GETDATE()), (select [PassOfficeID] from [dbo].[LocationPassOffice] where [Code] = 'Unit Test Paris PassOffice'));
insert into AccessRequest([RequestTypeID],[RequestPersonID],[RequestStatusID],[Created] ,[PassOfficeID]) values (16, (select RequestPersonID from AccessRequestPerson where Forename = 'Unit Test' and Surname =  'revoked D without access 8 - 30 ago'), 2, DATEADD(d,-10,GETDATE()), (select [PassOfficeID] from [dbo].[LocationPassOffice] where [Code] = 'Unit Test Paris PassOffice'));
insert into AccessRequest([RequestTypeID],[RequestPersonID],[RequestStatusID],[Created] ,[PassOfficeID]) values (16, (select RequestPersonID from AccessRequestPerson where Forename = 'Unit Test' and Surname =  'revoked D with access building po 8 - 30 ago'), 2, DATEADD(d,-12,GETDATE()), (select [PassOfficeID] from [dbo].[LocationPassOffice] where [Code] = 'Unit Test Paris PassOffice'));
insert into AccessRequest([RequestTypeID],[RequestPersonID],[RequestStatusID],[Created] ,[PassOfficeID]) values (16, (select RequestPersonID from AccessRequestPerson where Forename = 'Unit Test' and Surname =  'revoked MD with access 8 - 30 ago'), 2, DATEADD(d,-14,GETDATE()), (select [PassOfficeID] from [dbo].[LocationPassOffice] where [Code] = 'Unit Test Paris PassOffice'));
insert into AccessRequest([RequestTypeID],[RequestPersonID],[RequestStatusID],[Created] ,[PassOfficeID]) values (16, (select RequestPersonID from AccessRequestPerson where Forename = 'Unit Test' and Surname =  'revoked MD without access 8 - 30 ago'), 2, DATEADD(d,-16,GETDATE()), (select [PassOfficeID] from [dbo].[LocationPassOffice] where [Code] = 'Unit Test Paris PassOffice'));
insert into AccessRequest([RequestTypeID],[RequestPersonID],[RequestStatusID],[Created] ,[PassOfficeID]) values (16, (select RequestPersonID from AccessRequestPerson where Forename = 'Unit Test' and Surname =  'revoked MD with access building po 8 - 30 ago'), 2, DATEADD(d,-18,GETDATE()), (select [PassOfficeID] from [dbo].[LocationPassOffice] where [Code] = 'Unit Test Paris PassOffice'));
insert into AccessRequest([RequestTypeID],[RequestPersonID],[RequestStatusID],[Created] ,[PassOfficeID]) values (16, (select RequestPersonID from AccessRequestPerson where Forename = 'Unit Test' and Surname =  'revoked other with access 8 - 30 ago'), 2, DATEADD(d,-20,GETDATE()), (select [PassOfficeID] from [dbo].[LocationPassOffice] where [Code] = 'Unit Test Paris PassOffice'));
insert into AccessRequest([RequestTypeID],[RequestPersonID],[RequestStatusID],[Created] ,[PassOfficeID]) values (16, (select RequestPersonID from AccessRequestPerson where Forename = 'Unit Test' and Surname =  'revoked other without access 8 - 30 ago'), 2, DATEADD(d,-22,GETDATE()), (select [PassOfficeID] from [dbo].[LocationPassOffice] where [Code] = 'Unit Test Paris PassOffice'));
insert into AccessRequest([RequestTypeID],[RequestPersonID],[RequestStatusID],[Created] ,[PassOfficeID]) values (16, (select RequestPersonID from AccessRequestPerson where Forename = 'Unit Test' and Surname =  'revoked other with access building po 8 - 30 ago'), 2, DATEADD(d,-24,GETDATE()), (select [PassOfficeID] from [dbo].[LocationPassOffice] where [Code] = 'Unit Test Paris PassOffice'));
insert into AccessRequest([RequestTypeID],[RequestPersonID],[RequestStatusID],[Created] ,[PassOfficeID]) values (16, (select RequestPersonID from AccessRequestPerson where Forename = 'Unit Test' and Surname =  'revoked NULL with access 8 - 30 ago'), 2, DATEADD(d,-28,GETDATE()), (select [PassOfficeID] from [dbo].[LocationPassOffice] where [Code] = 'Unit Test Paris PassOffice'));
insert into AccessRequest([RequestTypeID],[RequestPersonID],[RequestStatusID],[Created] ,[PassOfficeID]) values (16, (select RequestPersonID from AccessRequestPerson where Forename = 'Unit Test' and Surname =  'revoked NULL without access 8 - 30 ago'), 2, DATEADD(d,-30,GETDATE()), (select [PassOfficeID] from [dbo].[LocationPassOffice] where [Code] = 'Unit Test Paris PassOffice'));

UPDATE HRPerson SET Revoked = 1 WHERE Forename = 'Unit Test' and Surname like 'revoked % 8 - 30 ago';
