INSERT [dbo].[hrperson] ([dbPeopleID], [Forename], [Surname], [DBDirID], [EmailAddress], [Telephone], [Class], [UBR], [CostCentre], [CostCentreName], [LegalEntityID], [LegalEntity], [DivPath], [ManagerName], [CityName], [CountryName], [Status], [VendorID], [VendorName], [IsExternal], [Enabled], [OfficerId], [Revoked]) VALUES (1234570, N'Kristi', N'Test', 3571718, N'Kristi.Test@db.com', N'995-979-7716', NULL, N'G_6536', N'896925010', N'H.O. GROUP AUDIT', NULL, N'Deutsche Bank Societ� per Az', N'G_0183/G_6811/G_7492/G_6521/G_6536//////', N'Fred Gross', NULL, N'Italy', N'A', NULL, NULL, 0, 1, NULL, 1)
INSERT [dbo].[hrperson] ([dbPeopleID], [Forename], [Surname], [DBDirID], [EmailAddress], [Telephone], [Class], [UBR], [CostCentre], [CostCentreName], [LegalEntityID], [LegalEntity], [DivPath], [ManagerName], [CityName], [CountryName], [Status], [VendorID], [VendorName], [IsExternal], [Enabled], [OfficerId], [Revoked]) VALUES (1234569, N'Bridgette', N'Test', 3126662, N'Bridgette.Test@db.com', N'966-114-6046', NULL, N'G_5316', N'839940236', N'0839-785565_LEGAL - CORPORATE', NULL, N'DB AG Filiale New York', N'G_0183/G_6811/G_7491/G_6519/G_6534/G_5316/////', N'Don Patrick', NULL, N'United States of America', N'A', NULL, NULL, 0, 1, NULL, NULL)
INSERT [dbo].[hrperson] ([dbPeopleID], [Forename], [Surname], [DBDirID], [EmailAddress], [Telephone], [Class], [UBR], [CostCentre], [CostCentreName], [LegalEntityID], [LegalEntity], [DivPath], [ManagerName], [CityName], [CountryName], [Status], [VendorID], [VendorName], [IsExternal], [Enabled], [OfficerId], [Revoked]) VALUES (1234568, N'Roman', N'Test', 8936650, N'Roman.Test@db.com', N'187260-3147', NULL, N'G_9675', N'16061211', N'KOBLENZ PBB T1 PGK', NULL, N'Deutsche Bank Privat- und Gesc', N'G_0183/G_2443/G_4517/G_4641/G_9668/G_9669/G_9670/G_9671/G_9675//', N'Courtney Vaughn', NULL, N'Germany', N'A', NULL, NULL, 0, 1, NULL, NULL)
INSERT [dbo].[hrperson] ([dbPeopleID], [Forename], [Surname], [DBDirID], [EmailAddress], [Telephone], [Class], [UBR], [CostCentre], [CostCentreName], [LegalEntityID], [LegalEntity], [DivPath], [ManagerName], [CityName], [CountryName], [Status], [VendorID], [VendorName], [IsExternal], [Enabled], [OfficerId], [Revoked]) VALUES (1234567, N'Faith', N'Test', 6877906, N'Faith.Test@db.com', N'9324889041', NULL, N'G_9675', N'33076221', N'MINDEN PeB T1 PGK', NULL, N'Deutsche Bank Privat- und Gesc', N'G_0183/G_2443/G_4517/G_4641/G_9668/G_9669/G_9670/G_9671/G_9675//', N'Brandi Stanley', NULL, N'Germany', N'A', NULL, NULL, 0, 1, NULL, NULL)
INSERT [dbo].[hrperson] ([dbPeopleID], [Forename], [Surname], [DBDirID], [EmailAddress], [Telephone], [Class], [UBR], [CostCentre], [CostCentreName], [LegalEntityID], [LegalEntity], [DivPath], [ManagerName], [CityName], [CountryName], [Status], [VendorID], [VendorName], [IsExternal], [Enabled], [OfficerId], [Revoked]) VALUES (1234571, N'Muller', N'Test', 6877906, N'Muller.Test@db.com', N'9324889041', NULL, N'G_9675', N'33076221', N'MINDEN PeB T1 PGK', NULL, N'Deutsche Bank Privat- und Gesc', N'G_0183/G_2443/G_4517/G_4641/G_9668/G_9669/G_9670/G_9671/G_9675//', N'Brandi Stanley', NULL, N'Germany', N'A', NULL, NULL, 0, 1, NULL, NULL)
INSERT [dbo].[hrperson] ([dbPeopleID], [Forename], [Surname], [DBDirID], [EmailAddress], [Telephone], [Class], [UBR], [CostCentre], [CostCentreName], [LegalEntityID], [LegalEntity], [DivPath], [ManagerName], [CityName], [CountryName], [Status], [VendorID], [VendorName], [IsExternal], [Enabled], [OfficerId], [Revoked]) VALUES (1234572, N'Juan', N'Test', 6877906, N'Juan.Test@db.com', N'9324889041', NULL, N'G_9675', N'33076221', N'MINDEN PeB T1 PGK', NULL, N'Deutsche Bank Privat- und Gesc', N'G_0183/G_2443/G_4517/G_4641/G_9668/G_9669/G_9670/G_9671/G_9675//', N'Brandi Stanley', NULL, N'France', N'A', NULL, NULL, 0, 1, NULL, NULL)
insert into LocationCity ([CountryID],[Name],[Code],[TimezoneID], [Enabled]) values (50,'Paris','Unit Test',17,1);
insert into LocationCity ([CountryID],[Name],[Code],[TimezoneID],[Enabled]) values (40,'Madrid','Unit Test',17,1);
insert into LocationCity ([CountryID],[Name],[Code],[TimezoneID],[Enabled]) values (2,'Munich','Unit Test',17,1);
insert into LocationCity ([CountryID],[Name],[Code],[TimezoneID],[Enabled]) values (50,'Marseille','Unit Test',17,1);
insert into LocationCity ([CountryID],[Name],[Code],[TimezoneID],[Enabled]) values (50,'Lyon','Unit Test',17,1);
insert into LocationBuilding ([CityID],[Name],[Enabled]) values ((select CityID from LocationCity where Name = 'Madrid' and Code = 'Unit Test'), 'Unit Test Madrid Building', 1);
insert into LocationBuilding ([CityID],[Name],[Enabled]) values ((select CityID from LocationCity where Name = 'Madrid' and Code = 'Unit Test'), 'Unit Test Madrid Building with Paris Pass Office', 1);
insert into AccessArea ([AccessAreaTypeID],[BuildingID],[Name],[ControlSystemID],[Enabled]) values (1, (select BuildingID from LocationBuilding where Name = 'Unit Test Madrid Building'), 'Unit Test Madrid AccessArea', 1, 1);
insert into AccessArea ([AccessAreaTypeID],[BuildingID],[Name],[ControlSystemID],[Enabled]) values (1, (select BuildingID from LocationBuilding where Name = 'Unit Test Madrid Building with Paris Pass Office'), 'Unit Test Madrid AccessArea with Paris Pass Office', 1, 1);
insert into LocationPassOffice ([Name], [Code], [CityId], [Enabled], [CountryID], [EmailEnabled]) values ('Paris Pass Office', 'Unit Test Paris PassOffice', (select CityID from locationCity where name = 'Paris' and Code = 'Unit Test'), 1, (SELECT CountryID FROM LocationCountry WHERE Name='France'), 1);
insert into LocationPassOffice ([Name], [Code], [CityId], [Enabled], [CountryID], [EmailEnabled]) values ('Madrid Pass Office', 'Unit Test Madrid PassOffice', (select CityID from locationCity where name = 'Madrid' and Code = 'Unit Test'), 1, (SELECT CountryID FROM LocationCountry WHERE Name='Spain'), 1);
insert into LocationPassOffice ([Name], [Code], [CityId], [Enabled], [CountryID], [EmailEnabled]) values ('Munich Pass Office', 'Unit Test Munich PassOffice', (select CityID from locationCity where name = 'Munich' and Code = 'Unit Test'), 1, (SELECT CountryID FROM LocationCountry WHERE Name='Germany'), 0);
insert into LocationPassOffice ([Name], [Code], [CityId], [Enabled], [CountryID], [EmailEnabled]) values ('PassOffice Without Pass Officers', 'Unit Test PassOffice Without Pass Officers', (select CityID from locationCity where name = 'Munich' and Code = 'Unit Test'), 1,(SELECT CountryID FROM LocationCountry WHERE Name='Germany'),  1);
insert into LocationPassOffice ([Name], [Code], [CityId], [Enabled], [CountryID], [EmailEnabled]) values ('Marseille Pass Office', 'Unit Test Marseille PassOffice', (select CityID from locationCity where name = 'Marseille' and Code = 'Unit Test'), 1, (SELECT CountryID FROM LocationCountry WHERE Name='France'), 1);
insert into LocationPassOffice ([Name], [Code], [CityId], [Enabled], [CountryID], [EmailEnabled]) values ('Lyon Pass Office', 'Unit Test Lyon PassOffice', (select CityID from locationCity where name = 'Lyon' and Code = 'Unit Test'), 0, (SELECT CountryID FROM LocationCountry WHERE Name='France'), 1);
insert into LocationPassOfficeUser ([PassOfficeID], [dbPeopleID],[mp_SecurityGroupID], [IsRecertified], [DateLastCertified], [CreatedDateTime], [IsEnabled]) values ((select [PassOfficeID] from [dbo].[LocationPassOffice] where [Code] = 'Unit Test Paris PassOffice'),1234570,6,1, GETDATE(),GETDATE(),  0); 
insert into LocationPassOfficeUser ([PassOfficeID], [dbPeopleID],[mp_SecurityGroupID], [IsRecertified], [DateLastCertified], [CreatedDateTime], [IsEnabled]) values ((select [PassOfficeID] from [dbo].[LocationPassOffice] where [Code] = 'Unit Test Madrid PassOffice'),1234570,6,1, GETDATE(), GETDATE(), 0); 
insert into LocationPassOfficeUser ([PassOfficeID], [dbPeopleID],[mp_SecurityGroupID], [IsRecertified], [DateLastCertified], [CreatedDateTime], [IsEnabled]) values ((select [PassOfficeID] from [dbo].[LocationPassOffice] where [Code] = 'Unit Test Paris PassOffice'),1234569,6,1, GETDATE(), GETDATE(), 1); 
insert into LocationPassOfficeUser ([PassOfficeID], [dbPeopleID],[mp_SecurityGroupID], [IsRecertified], [DateLastCertified], [CreatedDateTime], [IsEnabled]) values ((select [PassOfficeID] from [dbo].[LocationPassOffice] where [Code] = 'Unit Test Madrid PassOffice'),1234568,6,1, GETDATE(),GETDATE(),  1); 
insert into LocationPassOfficeUser ([PassOfficeID], [dbPeopleID],[mp_SecurityGroupID], [IsRecertified], [DateLastCertified], [CreatedDateTime], [IsEnabled]) values ((select [PassOfficeID] from [dbo].[LocationPassOffice] where [Code] = 'Unit Test Paris PassOffice'),1234567,6,1, GETDATE(),GETDATE(),  1); 
insert into LocationPassOfficeUser ([PassOfficeID], [dbPeopleID],[mp_SecurityGroupID], [IsRecertified], [DateLastCertified], [CreatedDateTime], [IsEnabled]) values ((select [PassOfficeID] from [dbo].[LocationPassOffice] where [Code] = 'Unit Test Madrid PassOffice'),1234567,6,1, GETDATE(), GETDATE(), 1); 
insert into LocationPassOfficeUser ([PassOfficeID], [dbPeopleID],[mp_SecurityGroupID], [IsRecertified], [DateLastCertified], [CreatedDateTime], [IsEnabled]) values ((select [PassOfficeID] from [dbo].[LocationPassOffice] where [Code] = 'Unit Test Munich PassOffice'),1234567,6,1, GETDATE(), GETDATE(), 1); 
insert into LocationPassOfficeUser ([PassOfficeID], [dbPeopleID],[mp_SecurityGroupID], [IsRecertified], [DateLastCertified], [CreatedDateTime], [IsEnabled]) values ((select [PassOfficeID] from [dbo].[LocationPassOffice] where [Code] = 'Unit Test Marseille PassOffice'),1234567,6,1, GETDATE(), GETDATE(), 1); 
insert into LocationPassOfficeUser ([PassOfficeID], [dbPeopleID],[mp_SecurityGroupID], [IsRecertified], [DateLastCertified], [CreatedDateTime], [IsEnabled]) values ((select [PassOfficeID] from [dbo].[LocationPassOffice] where [Code] = 'Unit Test Lyon PassOffice'),1234567,6,1, GETDATE(), GETDATE(), 1);
insert into LocationPassOfficeUser ([PassOfficeID], [dbPeopleID],[mp_SecurityGroupID], [IsRecertified], [DateLastCertified], [CreatedDateTime], [IsEnabled]) values ((select [PassOfficeID] from [dbo].[LocationPassOffice] where [Code] = 'Unit Test Munich PassOffice'),1234571,6,1, GETDATE(), GETDATE(), 1); 
insert into LocationPassOfficeUser ([PassOfficeID], [dbPeopleID],[mp_SecurityGroupID], [IsRecertified], [DateLastCertified], [CreatedDateTime], [IsEnabled]) values ((select [PassOfficeID] from [dbo].[LocationPassOffice] where [Code] = 'Unit Test Marseille PassOffice'),1234572,6,1, GETDATE(), GETDATE(), 1); 
UPDATE LocationCountry SET Enabled=1 WHERE Name='France';
UPDATE LocationCountry SET PassOfficeID=(SELECT TOP 1 PassOfficeID FROM LocationPassOffice WHERE Name='Paris Pass Office') WHERE Name='France';
UPDATE LocationCountry SET Enabled=1 WHERE Name='Spain';
UPDATE LocationCountry SET PassOfficeID=(SELECT TOP 1 PassOfficeID FROM LocationPassOffice WHERE Name='Madrid Pass Office') WHERE Name='Spain';
UPDATE LocationCountry SET Enabled=1 WHERE Name='Germany';
UPDATE LocationCountry SET PassOfficeID=(SELECT TOP 1 PassOfficeID FROM LocationPassOffice WHERE Name='Munich Pass Office') WHERE Name='Germany';
UPDATE LocationBuilding SET PassOfficeID = (SELECT TOP 1 PassOfficeID FROM LocationPassOffice WHERE Name='Paris Pass Office') WHERE Name = 'Unit Test Madrid Building with Paris Pass Office'


insert into AccessRequestMaster (Created, Comment, RequestTypeID, RequestStatusID, CreatedByID)
values (GETDATE(), 'Unit Testing 1', 1, 2, null)
insert into AccessRequestPerson (dbPeopleID,Forename,Surname, CostCentre,UBR,Telephone, EmailAddress,RequestMasterID,CountryID, IsExternal,	Created, CreatedByID)
select dbPeopleID, Forename, Surname, CostCentre, UBR, Telephone, EmailAddress, (select requestMasterID from AccessRequestMaster where Comment = 'Unit Testing 1'), 50, 0, getdate(), null from HRPerson where dbPeopleID = 1234569
insert into AccessRequest (RequestTypeID, AccessAreaID, RequestPersonID, StartDate,RequestStatusID,Created,	Approved, ApprovedDate, AccessApproved, AccessApprovedDate, PassOfficeID)
values (2, (select AccessAreaID from AccessArea where Name='Unit Test Madrid AccessArea'), (select top 1 arp.requestPersonID from AccessRequestPerson arp inner join AccessRequestMaster m on arp.RequestMasterID = m.RequestMasterID where m.Comment = 'Unit Testing 1'), getdate(), 2, getdate(), null, null, null, null, (select [PassOfficeID] from [dbo].[LocationPassOffice] where [Code] = 'Unit Test Paris PassOffice'))

insert into AccessRequestMaster (Created, Comment, RequestTypeID, RequestStatusID, CreatedByID)
values (GETDATE(), 'Unit Testing 2', 1, 2, null)
insert into AccessRequestPerson (dbPeopleID,Forename,Surname, CostCentre,UBR,Telephone, EmailAddress,RequestMasterID,CountryID, IsExternal,	Created, CreatedByID)
select dbPeopleID, Forename, Surname, CostCentre, UBR, Telephone, EmailAddress, (select requestMasterID from AccessRequestMaster where Comment = 'Unit Testing 2'), 50, 0, getdate(), null from HRPerson where dbPeopleID = 1234568
insert into AccessRequest (RequestTypeID, AccessAreaID, RequestPersonID, StartDate,RequestStatusID,Created,	Approved, ApprovedDate, AccessApproved, AccessApprovedDate, PassOfficeID)
values (1, null, (select top 1 arp.requestPersonID from AccessRequestPerson arp inner join AccessRequestMaster m on arp.RequestMasterID = m.RequestMasterID where m.Comment = 'Unit Testing 2'), getdate(), 5, getdate(), null, null, null, null, (select [PassOfficeID] from [dbo].[LocationCountry] where [Name] = (select countryName from HRPerson where dbPeopleID = 1234568)))
